<?xml version="1.0" encoding="UTF-8"?>
<!DOCTYPE generatorConfiguration
        PUBLIC "-//mybatis.org//DTD MyBatis Generator Configuration 1.0//EN"
        "http://mybatis.org/dtd/mybatis-generator-config_1_0.dtd">
<generatorConfiguration>
    <context id="test" targetRuntime="MyBatis3">
        <plugin type="org.mybatis.generator.plugins.EqualsHashCodePlugin"/>
        <plugin type="org.mybatis.generator.plugins.SerializablePlugin"/>
        <plugin type="org.mybatis.generator.plugins.ToStringPlugin"/>
        <!-- 数据Model属性对应Column获取插件 -->
        <plugin type="com.itfsw.mybatis.generator.plugins.ModelColumnPlugin"/>
        <!-- Mapper注解插件 -->
        <plugin type="com.itfsw.mybatis.generator.plugins.MapperAnnotationPlugin">
            <!-- @Mapper 默认开启 -->
            <property name="@Mapper" value="true"/>
            <!-- @Repository 默认关闭，开启后解决IDEA工具@Autowired报错 -->
            <property name="@Repository" value="true"/>
        </plugin>
        <!-- 乐观锁插件 -->
        <plugin type="com.itfsw.mybatis.generator.plugins.OptimisticLockerPlugin">
            <!-- 是否启用自定义nextVersion，默认不启用(插件会默认使用sql的 set column = column + 1) -->
            <property name="customizedNextVersion" value="false"/>
        </plugin>
        <!-- MySQL分页插件 -->
        <plugin type="com.itfsw.mybatis.generator.plugins.LimitPlugin">
            <!-- 通过配置startPage影响Example中的page方法开始分页的页码，默认分页从0开始 -->
            <property name="startPage" value="0"/>
        </plugin>
        <!-- 数据Model链式构建插件 -->
        <plugin type="com.itfsw.mybatis.generator.plugins.ModelBuilderPlugin"/>
        <!-- Example Criteria 增强插件 -->
        <plugin type="com.itfsw.mybatis.generator.plugins.ExampleEnhancedPlugin">
            <!-- 是否支持已经过时的andIf方法（推荐使用when代替），默认支持 -->
            <property name="enableAndIf" value="true"/>
        </plugin>
        <!-- 批量插入插件 -->
        <plugin type="com.itfsw.mybatis.generator.plugins.BatchInsertPlugin">
            <!--
            开启后可以实现官方插件根据属性是否为空决定是否插入该字段功能
            ！需开启allowMultiQueries=true多条sql提交操作，所以不建议使用！插件默认不开启
            -->
            <property name="allowMultiQueries" value="false"/>
        </plugin>
        <!-- 查询结果选择性返回插件 -->
        <plugin type="com.itfsw.mybatis.generator.plugins.SelectSelectivePlugin"/>
        <!-- 查询单条数据插件 -->
        <plugin type="com.itfsw.mybatis.generator.plugins.SelectOneByExamplePlugin"/>
        <!-- 增量插件 -->
        <plugin type="com.itfsw.mybatis.generator.plugins.IncrementPlugin"/>
        <commentGenerator>
            <!-- 这个元素用来去除指定生成的注释中是否包含生成的日期 false:表示保护 -->
            <!-- 如果生成日期，会造成即使修改一个字段，整个实体类所有属性都会发生变化，不利于版本控制，所以设置为true -->
            <property name="suppressDate" value="true"/>
            <!-- 是否去除自动生成的注释 true：是 ： false:否 -->
            <property name="suppressAllComments" value="true"/>
        </commentGenerator>
        <!--数据库链接URL，用户名、密码 -->
        <jdbcConnection
                driverClass="com.mysql.jdbc.Driver"
                connectionURL="jdbc:mysql://qeesung.host.huawei.com/build_project_qeesung_as_code"
                userId="root" password="">
            <property name="nullCatalogMeansCurrent" value="true"/>
        </jdbcConnection>
        <javaTypeResolver>
            <!-- This property is used to specify whether MyBatis Generator should
                force the use of java.math.BigDecimal for DECIMAL and NUMERIC fields, -->
            <property name="forceBigDecimals" value="false"/>
        </javaTypeResolver>
        <!-- 生成模型的包名和位置 -->
        <javaModelGenerator targetPackage="com.huawei.build.dao.model" targetProject="target">
            <property name="enableSubPackages" value="true"/>
            <property name="trimStrings" value="true"/>
        </javaModelGenerator>
        <!-- 生成映射文件的包名和位置 -->
        <sqlMapGenerator targetPackage="com.huawei.build.dao.dao" targetProject="target">
            <property name="enableSubPackages" value="true"/>
        </sqlMapGenerator>
        <!-- 生成DAO的包名和位置 -->
        <javaClientGenerator type="XMLMAPPER" targetPackage="com.huawei.build.dao.mapper" targetProject="target">
            <property name="enableSubPackages" value="true"/>
        </javaClientGenerator>

        <table tableName="build_record">
            <property name="versionColumn" value="version"/>
            <property name="rootClass" value="com.huawei.build.dao.model.BaseRecord"/>
            <columnOverride column="trigger_script" jdbcType="VARCHAR"/>
            <columnOverride column="execution_script" jdbcType="VARCHAR"/>
            <columnOverride column="parameters" jdbcType="VARCHAR"/>
            <columnOverride column="err_msg" jdbcType="VARCHAR"/>
        </table>
        <table tableName="build_record_env">
        </table>
        <table tableName="build_record_depend">
        </table>
        <table tableName="build_step_record">
            <property name="versionColumn" value="version"/>
            <property name="rootClass" value="com.huawei.build.dao.model.BaseRecord"/>
            <columnOverride column="parameters" jdbcType="VARCHAR"/>
        </table>
        <table tableName="build_stage_record">
            <property name="versionColumn" value="version"/>
            <property name="rootClass" value="com.huawei.build.dao.model.BaseRecord"/>
        </table>
        <table tableName="project">
            <!-- 指定版本列 -->
            <property name="versionColumn" value="cas_version"/>
            <property name="incrementColumns" value="build_no"/>
        </table>
        <table tableName="project_history_msg">
            <columnOverride column="content" jdbcType="VARCHAR"/>
        </table>
        <table tableName="build_record_playbook">
        </table>
        <table tableName="build_record_mr">
        </table>
        <table tableName="project_starred">
        </table>
    </context>
</generatorConfiguration>
