<?xml version="1.0" encoding="UTF-8"?>
<Configuration status="WARN">
    <properties>
        <property name="LOG_HOME">/clouddragonData/log/distschedule</property>
        <property name="FILE_NAME">distschedule</property>
		<property name="DEVICE_MSG_FILE_NAME">DeviceMsg</property>
		<property name="DEVICE_PROPERTY_FILE_NAME">DeviceProperty</property>
		<property name="DEVICE_STATUS_FILE_NAME">DeviceStatus</property>
    </properties>

    <Appenders>
        <Console name="Console" target="SYSTEM_OUT">
            <PatternLayout pattern="%d{yyyy-MM-dd HH:mm:ss.SSS} [%t] %-5p %c{1}:%L - %msg%n"/>
        </Console>

        <RollingRandomAccessFile name="RollingRandomAccessFile" fileName="${LOG_HOME}/${FILE_NAME}.log"
                                 filePattern="${LOG_HOME}/$${date:yyyy-MM}/${FILE_NAME}-%d{yyyy-MM-dd}-%i.log">
            <PatternLayout pattern="%d{yyyy-MM-dd HH:mm:ss.SSS} [%t] %-5p %c{1}:%L - %msg%n"/>
            <Policies>
                <TimeBasedTriggeringPolicy interval="1"/>
                <SizeBasedTriggeringPolicy size="50 MB"/>
            </Policies>
            <DefaultRolloverStrategy max="20"/>
        </RollingRandomAccessFile>

        <RollingRandomAccessFile name="DeviceMsgFile" fileName="${LOG_HOME}/${DEVICE_MSG_FILE_NAME}.log"
                                 filePattern="${LOG_HOME}/$${date:yyyy-MM}/${DEVICE_MSG_FILE_NAME}-%d{yyyy-MM-dd}-%i.log">
            <PatternLayout pattern="%d{yyyy-MM-dd HH:mm:ss.SSS} [%t] %-5p %c{1}:%L - %msg%n"/>
            <Policies>
                <TimeBasedTriggeringPolicy interval="1"/>
                <SizeBasedTriggeringPolicy size="50 MB"/>
            </Policies>
            <DefaultRolloverStrategy max="20"/>
        </RollingRandomAccessFile>

        <RollingRandomAccessFile name="DevicePropertyFile" fileName="${LOG_HOME}/${DEVICE_PROPERTY_FILE_NAME}.log"
                                 filePattern="${LOG_HOME}/$${date:yyyy-MM}/${DEVICE_PROPERTY_FILE_NAME}-%d{yyyy-MM-dd}-%i.log">
            <PatternLayout pattern="%d{yyyy-MM-dd HH:mm:ss.SSS} [%t] %-5p %c{1}:%L - %msg%n"/>
            <Policies>
                <TimeBasedTriggeringPolicy interval="1"/>
                <SizeBasedTriggeringPolicy size="50 MB"/>
            </Policies>
            <DefaultRolloverStrategy max="20"/>
        </RollingRandomAccessFile>

        <RollingRandomAccessFile name="DeviceStatusFile" fileName="${LOG_HOME}/${DEVICE_STATUS_FILE_NAME}.log"
                                 filePattern="${LOG_HOME}/$${date:yyyy-MM}/${DEVICE_STATUS_FILE_NAME}-%d{yyyy-MM-dd}-%i.log">
            <PatternLayout pattern="%d{yyyy-MM-dd HH:mm:ss.SSS} [%t] %-5p %c{1}:%L - %msg%n"/>
            <Policies>
                <TimeBasedTriggeringPolicy interval="1"/>
                <SizeBasedTriggeringPolicy size="50 MB"/>
            </Policies>
            <DefaultRolloverStrategy max="20"/>
        </RollingRandomAccessFile>
    </Appenders>

    <Loggers>
        <Root level="info">
            <AppenderRef ref="Console"/>
            <AppenderRef ref="RollingRandomAccessFile"/>
        </Root>
		<logger name="DeviceMsgLog" level="info" additivity="false">
			<AppenderRef ref="DeviceMsgFile" />
		</logger>
		<logger name="DevicePropertyLog" level="info" additivity="false">
			<AppenderRef ref="DevicePropertyFile" />
		</logger>
		<logger name="DeviceStatusLog" level="info" additivity="false">
			<AppenderRef ref="DeviceStatusFile" />
		</logger>
    </Loggers>
</Configuration>
